{"type": "block", "layer": 4, "block": 0, "features": [{"geom": {"lines": [[-1211.9943218939006, -224.00425887852907, 164.49139404296875, -1205.02572176978, -219.47785064578056, 164.12600708007812, -1190.3315489869565, -209.9666552208364, 165.1375732421875, -1075.0713482163846, -135.2900015078485, 165.4541473388672, -831.8716566823423, 22.27815898694098, 165.00816345214844, -559.6509738955647, 204.02979843504727, 166.00875854492188, -513.798475638032, 237.26352937612683, 166.53221130371094, -491.256278751418, 261.8069210043177, 166.00613403320312, -487.33783267624676, 272.3500980194658, 166.03549194335938, -482.64015016518533, 285.01338912919164, 165.8711700439453, -487.2821729313582, 303.57861302699894, 165.79647827148438, -511.4830302298069, 355.6073139719665, 166.240478515625, -556.1555418856442, 437.8721935618669, 167.63531494140625]]}, "mtl": 0}, {"geom": {"lines": [[1608.7747831139714, -616.4167416328564, 144.4674530029297, 1463.0575696658343, -629.5560229802504, 144.66812133789062, 1247.0532297287136, -643.2491169115528, 145.0164794921875, 1182.3988694772124, -642.6952823335305, 143.13507080078125, 1113.1247503571212, -643.3255078829825, 142.04315185546875, 1100.86847442016, -639.2385897813365, 141.96922302246094, 1074.485755102709, -636.4694150891155, 142.08180236816406, 1039.331059910357, -640.6136278863996, 142.0365753173828, 701.776967978105, -788.4288193369284, 145.48638916015625, 679.5798615142703, -800.9375999132171, 145.11480712890625, 585.2254611179233, -845.1287658913061, 145.63807678222656, 446.0983615219593, -909.6199216423556, 146.68833923339844, 300.98227332532406, -979.4958823369816, 145.9453125, 106.49599096179008, -1070.014786368236, 144.0330352783203, 10.950472012162209, -1112.4093571854755, 145.7871856689453, -84.66183863021433, -1149.170229870826, 145.01524353027344, -224.87986923381686, -1277.6696108905599, 145.66893005371094, -368.31503311917186, -1394.1937579689547, 149.13856506347656, -448.754497166723, -1429.9794238489121, 149.21096801757812, -499.4493932761252, -1451.9014053978026, 148.51535034179688, -665.0705316774547, -1526.9665422644466, 149.40460205078125, -726.7303976267576, -1560.7465744474903, 150.552490234375, -832.6731570158154, -1613.0871964450926, 149.91329956054688, -939.9294863939285, -1670.4113298710436, 151.7543182373047, -1174.6132368855178, -1786.8723624628037, 151.57337951660156, -1344.019237972796, -1870.6797000635415, 152.73500061035156, -1371.081006186083, -1884.7907131016254, 153.0968475341797, -1508.426993926987, -1951.6792430840433, 155.0398712158203, -1633.828400304541, -2013.7745078587905, 154.7098846435547, -1721.013825494796, -2053.1852698186412, 152.37860107421875, -1752.1721509676427, -2062.2168749012053, 151.22991943359375, -1765.0963438488543, -2061.2239716798067, 151.0922393798828, -1776.2282929290086, -2057.1377917136997, 151.1844024658203, -1785.4010189715773, -2049.2709345780313, 151.0336456298828, -1793.427154256031, -2035.5230099754408, 150.4942626953125, -1804.0692975744605, -1994.4891307298094, 149.77000427246094, -1811.2716686297208, -1962.0666770581156, 149.35826110839844, -1825.1086813360453, -1922.7127415426075, 149.01722717285156, -1848.4189827088267, -1903.7899395730346, 149.3935089111328]]}, "mtl": 0}, {"geom": {"lines": [[444.22819407843053, -1469.4885954670608, 151.43600463867188, 419.0477252602577, -1478.9982648892328, 152.7487030029297, -363.1720726452768, -1774.3460578816012, 153.77230834960938, -512.4626417476684, -1835.277940010652, 155.62155151367188, -660.9739744141698, -1886.7765640504658, 154.1743927001953]]}, "mtl": 0}, {"geom": {"lines": [[-801.7486024741083, -1257.6758641097695, 145.5483856201172, -835.0887899659574, -1254.926003835164, 143.97634887695312, -862.5401763953269, -1262.2016737125814, 143.3629150390625, -897.2829894721508, -1287.695109449327, 142.79017639160156, -921.9291247334331, -1314.868920199573, 144.75083923339844, -981.5963717978448, -1374.5440353406593, 146.67955017089844, -1102.0551927872002, -1455.0713035874069, 144.63487243652344, -1250.533129606396, -1532.065064067021, 146.68629455566406, -1730.1642876379192, -1780.7428775075823, 149.8927764892578, -1774.1466184500605, -1804.9170801136643, 149.04518127441406, -1787.8389158174396, -1813.3188392585143, 149.07139587402344, -1796.72221118398, -1818.779977879487, 149.13760375976562, -1820.500054417178, -1845.3218212751672, 149.01365661621094, -1831.186725532636, -1879.405999345705, 149.4442138671875, -1848.4189827088267, -1903.7899395730346, 149.3935089111328, -1891.2101949695498, -1925.5769356470555, 150.05914306640625, -1916.5576430223882, -1932.317334980704, 149.22872924804688, -1972.4177635014057, -1937.0718908011913, 149.12684631347656, -1995.3495786059648, -1942.0173895843327, 150.76475524902344, -2012.826738661155, -1945.7981162834913, 151.45556640625, -2068.6979910898954, -1966.783025816083, 150.006103515625, -2136.435901235789, -1999.6637266715989, 151.5846405029297, -2294.119959946722, -2105.8472097730264, 153.17320251464844, -2433.9261084329337, -2190.624935157597, 154.03375244140625]]}, "mtl": 0}, {"geom": {"lines": [[-263.1403782181442, 1.5935764675959945, 159.75732421875, -235.42182501032948, -24.782529558055103, 158.54461669921875, -204.70877750217915, -46.82303099054843, 157.2467498779297, -171.89179161563516, -62.77084222342819, 155.61720275878906, -155.72820155322552, -75.89195123966783, 155.09678649902344, -129.00039181299508, -102.8407686566934, 154.2777557373047, -101.1148593686521, -144.80128742102534, 152.36636352539062, -83.52637982554734, -159.56476662307978, 150.9310760498047, -58.91364040970802, -165.9056055713445, 149.9799346923828, -8.051765065640211, -162.62059326190501, 150.18511962890625, 40.46126902103424, -154.4080564742908, 150.36000061035156]]}, "mtl": 0}, {"geom": {"lines": [[-1250.533129606396, -1532.065064067021, 146.68629455566406, -1252.0916024763137, -1464.7528521809727, 145.69558715820312, -1224.9073828253895, -1355.3716638078913, 144.560546875, -1196.3984612319618, -1284.4296627538279, 143.40655517578125, -1153.9634713437408, -1232.0486567094922, 142.64637756347656, -1110.8716964554042, -1208.8466046713293, 141.33035278320312, -1041.263618864119, -1184.3268307009712, 140.43360900878906, -961.0467937979847, -1175.7143373992294, 140.06993103027344, -852.9778321366757, -1147.852570396848, 140.7422332763672, -763.1875308621675, -1113.898891998455, 143.5914306640625, -735.6359568908811, -1097.4758002534509, 143.04812622070312, -642.8177654668689, -1043.7758697206154, 140.7969970703125, -568.5676651094109, -1007.3009563358501, 140.7523193359375, -465.1407262124121, -977.4716079933569, 139.627685546875, -360.3890853766352, -972.1817565392703, 140.42823791503906, -274.86232059821486, -1006.651663146913, 140.85946655273438, -152.87842258810997, -1064.3239661883563, 142.0439910888672, -105.81254187971354, -1098.1441825646907, 144.3883819580078, -84.66183863021433, -1149.170229870826, 145.01524353027344]]},