{"type": "block", "layer": 8, "block": 0, "features": [{"geom": {"lines": [[9256.634638812393, 4493.835771260783, 0.0, 7952.18238257803, 3722.467602044344, 0.0, 7118.210153402761, 3232.372336857021, 0.0, 5581.199680123478, 2338.837899378501, 146.12387084960938, 4065.1172711104155, 1470.41082268022, 148.16928100585938, 3970.128349615261, 1422.2143870498985, 147.05987548828125, 3871.799843398854, 1382.7099589807913, 147.2591094970703, 3702.037619939074, 1323.6065099379048, 147.0, 2900.5038903802633, 1014.4190563876182, 150.30316162109375, 2474.15024064295, 854.5579121373594, 148.21807861328125, 2357.4762823432684, 814.9417333863676, 147.8724365234375, 2149.3422304056585, 732.1189700039104, 147.36509704589844, 2105.359899593517, 718.2515908880159, 147.29823303222656, 2065.719028921798, 698.0809013657272, 146.4567108154297, 2028.8054857738316, 679.2855327827856, 145.37672424316406, 1989.2759345956147, 661.8272734247148, 143.71798706054688, 1926.2468389049172, 646.6993601741269, 143.73756408691406, 1852.8427666779608, 630.7310389336199, 146.18536376953125, 1812.511715164408, 627.9232154702768, 147.35670471191406, 1769.6425792574883, 631.8388879224658, 148.03843688964844, 1715.2964038532227, 642.2106541516259, 149.21595764160156, 1060.7377979885787, 781.5336454808712, 159.39031982421875, 328.46705560199916, 935.6055199205875, 168.00755310058594, 118.05095410346985, 980.4179668566212, 167.60023498535156, 98.44759177789092, 985.9574601631612, 167.4430389404297, 73.67900507338345, 984.5057305060327, 167.81683349609375, 61.40046524070203, 983.7798657761887, 168.03907775878906, 30.108556378632784, 968.3266036678106, 167.48541259765625, -12.96095461025834, 935.9493484608829, 166.25613403320312, -32.575448889285326, 913.5432199565694, 165.0435791015625, -119.41578365676105, 815.2091514710337, 165.5081787109375, -192.80872393585742, 744.057160356082, 168.48023986816406, -225.87061270326376, 720.8111328482628, 168.12423706054688, -274.61741771921515, 706.7909654835239, 168.99432373046875, -290.56950074993074, 703.8112056171522, 168.8762664794922, -321.11556902341545, 698.1191033786163, 168.8040008544922, -345.42774581350386, 686.6012044325471, 168.47271728515625, -357.817605137825, 680.7372059887275, 168.58038330078125, -394.23021057620645, 658.8857324523851, 167.257080078125, -418.31974838487804, 635.0860324138775, 166.491455078125, -487.2376451343298, 539.5632433407009, 164.65872192382812, -536.2627488803118, 463.63864034134895, 166.5154571533203, -545.4466068707407, 451.7390773165971, 167.0240936279297, -556.1555418856442, 437.8721935618669, 167.63531494140625, -584.7312551718205, 419.0965484045446, 168.0050048828125, -701.1046508476138, 363.5147899026051, 169.02867126464844, -886.6631100494415, 263.7933155922219, 169.1304931640625, -912.4447041191161, 241.9239028962329, 168.67144775390625, -921.4059231262654, 218.12546713184565, 168.22286987304688, -922.8085487112403, 185.9041044805199, 168.0, -911.8324469197541, 148.56416087970138, 168.0]]}, "mtl": 0}, {"geom": {"lines": [[-290.56950074993074, 703.8112056171522, 168.8762664794922, -211.14304406940937, 679.8012587605044, 167.93917846679688, -107.03705628030002, 636.4803948719054, 167.12039184570312, -38.174819273874164, 603.5887875352055, 166.6781463623047, 0.130217507481575, 585.2902642618865, 164.5478973388672, 42.65426299162209, 571.8242592485622, 164.6159210205078, 101.8205723464489, 551.4629395166412, 165.4923095703125, 151.61378057859838, 531.4072822229937, 163.73387145996094, 193.97084682434797, 505.8698194436729, 162.1846923828125]]}, "mtl": 0}, {"geom": {"lines": [[-2433.9261084329337, -2190.624935157597, 154.03375244140625, -2491.411493478343, -2225.490463739261, 154.31997680664062, -2760.0142928138375, -2381.5814985884354, 157.0, -3842.184458663687, -3014.143250531517, 159.15289306640625, -4297.881926175207, -3275.9280656138435, 158.5861053466797, -4303.024886649102, -3279.059044706635, 158.52171325683594, -4312.097425147891, -3285.588277582079, 158.36862182617188, -4381.037585796788, -3332.400045471266, 157.7750244140625, -4384.510753910989, -3334.748263016343, 157.78262329101562, -4486.112053155899, -3392.002553177066, 156.83763122558594]]}, "mtl": 0}, {"geom": {"lines": [[-831.8716566823423, 22.27815898694098, 165.00816345214844, -882.6778722796589, 101.77010894939303, 167.6511993408203, -911.8324469197541, 148.56416087970138, 168.0]]}, "mtl": 0}], "featureCount": 4, "startIndex": 0}