{"type": "block", "layer": 10, "block": 0, "features": [{"geom": {"lines": [[-720.3072630092502, -877.4794444534928, 137.82833862304688, -723.9585423059762, -840.4881322374567, 138.0]]}, "mtl": 0}, {"geom": {"lines": [[-723.9585423059762, -840.4881322374567, 138.0, -732.4744833521545, -794.8455397998914, 137.84458923339844, -740.8123132139444, -745.9370112558827, 137.12350463867188, -739.8215697463602, -728.1572246523574, 137.05055236816406, -738.4523400068283, -703.7887298958376, 136.98704528808594, -720.0734920781106, -654.6122659826651, 137.63404846191406, -677.8388772699982, -577.7053880626336, 140.49180603027344, -634.4354078117758, -508.7807541657239, 143.51190185546875, -627.1328492145985, -475.0916854739189, 145.27835083007812, -635.7378458511084, -436.03586647473276, 147.71307373046875, -697.8652536664158, -297.8970267055556, 155.17086791992188, -763.1541350148618, -156.14605916384608, 161.16831970214844, -811.6671691033989, -24.41964383609593, 164.77496337890625, -831.8716566823423, 22.27815898694098, 165.00816345214844]]}, "mtl": 0}, {"geom": {"lines": [[-163.23113523237407, -4074.688177722506, 180.82257080078125, -175.98834887705743, -4030.0952184861526, 180.8235321044922, -340.5742160137743, -3367.0505013959482, 174.8101348876953, -435.06219979934394, -2901.996180442162, 170.38790893554688, -467.5452272128314, -2725.696372899227, 168.7263641357422, -520.0212351735681, -2519.893700996414, 164.72593688964844, -558.1258968710899, -2370.850935963914, 162.3862762451172, -604.4682008884847, -2153.0669882409275, 157.96600341796875, -627.0326616726816, -2047.0178041383624, 156.97219848632812, -660.9739744141698, -1886.7765640504658, 154.1743927001953, -712.4258430600166, -1643.4678935799748, 152.83563232421875, -726.7303976267576, -1560.7465744474903, 150.552490234375, -759.5696474108845, -1438.6489256117493, 148.00259399414062, -798.7986359670758, -1299.9930368596688, 146.29525756835938, -801.7486024741083, -1257.6758641097695, 145.5483856201172, -799.2661778274924, -1227.121806949377, 145.01824951171875, -789.5257223844528, -1189.8075033370405, 144.3739776611328, -779.6739474497736, -1158.9285417059436, 144.42379760742188, -763.1875308621675, -1113.898891998455, 143.5914306640625, -743.2502100616693, -1060.313654188998, 141.35986328125, -727.7434049937874, -1012.2661377554759, 138.621337890625, -718.6040747985244, -949.1126153785735, 137.92379760742188, -720.3072630092502, -877.4794444534928, 137.82833862304688]]}, "mtl": 0}], "featureCount": 3, "startIndex": 0}