{"type": "block", "layer": 12, "block": 2, "features": [{"geom": {"polygons": [[[[318.4816972780973, -1544.3435130957514], [350.5083147790283, -1532.2560198754072], [357.9333248157054, -1551.905347732827], [325.895575363189, -1563.9928106972948], [318.4816972780973, -1544.3435130957514]]]], "centroids": [[338.2054190263152, -1548.124730576761, 153.9282684326172]], "h": 30.0}, "mtl": {"face": 0, "edge": 71}}, {"geom": {"polygons": [[[[-1029.285641655326, -163.70923121273518], [-1038.636478882283, -149.13674926478416], [-986.4276376981288, -115.65622626431286], [-977.0768004711717, -130.22877036966383], [-1029.285641655326, -163.70923121273518]]]], "centroids": [[-1007.8566269502044, -139.68273519072682, 165.7706756591797]], "h": 30.0}, "mtl": {"face": 0, "edge": 96}}], "featureCount": 2, "startIndex": 100}